First Name,Last Name,Title,Company,Website,Person Linkedin Url,City,Prioridad Stora
Adrián,Rodríguez Sacramento,Mechanical Lead Data Center,AECOM,aecom.com,,,P1-A
Roberto,Fernández,"Ingeniero industrial (COIIM 11.207), firmante del proyecto de edificación de Zaragoza del PIGA de Microsoft",AECOM,aecom.com,,,P1-A
David,Casero Migallón,"Ingeniero de Caminos (col. 17.050), autor de los proyectos de urbanización de La Muela y Villamayor de Gállego",AECOM,aecom.com,,,P1-A
Víctor,Pérez,"Arquitecto (COAM 14.048), firmante de la memoria del PIGA de Microsoft",AECOM,aecom.com,,,P1-B
Ignacio,Merello,Program Design Manager y Senior Architect,AECOM,aecom.com,,,P1-B
Javier,Camy,"Director general de AECOM en España (Managing Director Europe: España, Polonia e Italia)",AECOM,aecom.com,,,P1-D
Stephen,Griffin,Responsable de Data Centres and Technology en Europa,Arup,arup.com,,Dublín,P1-B
Silja,Reischmann,Associate Director (centros de datos),Arup,arup.com,,Fráncfort,P1-B
Ramón,Rodríguez,Director general de Arup en España,Arup,arup.com,,Madrid,P1-D
Jaume,Cera,MEP Technical Director; Data Center MEP Leader,JG Ingenieros,jgingenieros.es,,,P1-A
Raúl,Jovino Puig,Director de proyectos MEP,JG Ingenieros,jgingenieros.es,,Barcelona,P1-A
Vicens,García Carvajal,Director corporativo de Edificación,JG Ingenieros,jgingenieros.es,,,P1-B
Marta,Serrano Pérez,Arquitecta de dirección de proyectos; colíder del Comité de Data Centers de ASHRAE Spain,JG Ingenieros,jgingenieros.es,,,P1-B
Emilio,González Gaya,Director de desarrollo de negocio,JG Ingenieros,jgingenieros.es,,Madrid,P1-D
David,López,Director gerente,JG Ingenieros,jgingenieros.es,https://www.es.linkedin.com/in/david-lopez-738916b7,,P1-D
Xavier,Domènech Cid,Data Centers Managing Director,PGI Engineering & Consulting,pgiengineering.com,https://www.linkedin.com/in/xavier-domènech-cid-05698463,,P1-A
Miguel,Pérez Márquez,Director del departamento de Construction Management,PGI Engineering & Consulting,pgiengineering.com,https://www.linkedin.com/in/miguelperezmarquez,Barcelona,P1-C
Aina,Juliol,Presidenta y consejera delegada,PGI Engineering & Consulting,pgiengineering.com,https://www.linkedin.com/in/aina-juliol-0a98746,,P1-D
Mikel,Gotzon Lotina Pereda,Director de Data Centers,IDOM,idom.com,,,P1-A
Andrei,Pawlaczyk,Unit Director Data Centres (España),Deerns Spain,deerns.com,,España,P1-A
David,del Campo,Project Engineer y BIM Manager (data centres),Deerns Spain,deerns.com,,,P1-A
Raúl,Peralta,Lead Electrical Engineer (data centres),Deerns Spain,deerns.com,,,P1-A
Ricardo,Fornari,Division Director Data Centres,Deerns Spain,deerns.com,,,P1-B
Christopher,Leahy,Sector Director Data Centres,Deerns Spain,deerns.com,,,P1-B
Colin,Wyatt,Sector Director Data Centres,Deerns Spain,deerns.com,,,P1-B
Ainara,Gorriti,Project Manager (data centres),Deerns Spain,deerns.com,,,P1-C
Mike,Swann,Technical Director,RED Engineering,red-eng.com,,,P1-A
Carlos,Gallego Bernad,Ponente de diseño de centros de datos,RED Engineering,red-eng.com,,,P1-B
Peter,Heppenstall,Business Manager Data Centres (Tractebel),RED Engineering,red-eng.com,,,P1-C
Phil,Parkes,Regional Director,RED Engineering,red-eng.com,,,P1-D
Héctor,Hernández Gutiérrez,Area Director Spain; Uptime Institute Accredited Tier Designer,Black & White Engineering,bw-engineering.com,https://www.linkedin.com/in/hectorhernandezgutierrez,Madrid,P1-A
Marcos,Uttley,Regional Director Europe,Black & White Engineering,bw-engineering.com,,Europa,P1-D
Ciarán,Clancy,"Associate Director, Design Management (contacto de centros de datos en Madrid)",Cundall,cundall.com,,Madrid,P1-A
César,Paniagua Garrido,"Associate Director, building services Madrid",Cundall,cundall.com,,Madrid,P1-A
Peter,Liddle,Partner; sector lead Data Centres,Cundall,cundall.com,,Europa,P1-B
José,Castilla,Partner,Cundall,cundall.com,,Madrid,P1-D
Elena,Sánchez Reyes,Associate Director Mission Critical Facilities Spain,Haskoning,haskoning.com,,Málaga,P1-A
Jorge,Nogueira de Moura,"Director Business Unit Mission Critical Facilities (Alemania, Polonia y España)",Haskoning,haskoning.com,,,P1-B
Javier,Jiménez del Castillo,Lead Architect y Lead Permitting Architect Spain,Haskoning,haskoning.com,,Málaga,P1-B
Gabriel,García,"Arquitecto, especialista en diseño computacional",Haskoning,haskoning.com,,,P1-B
Isidro,Ramos,Socio director; Uptime Institute Accredited Tier Designer,Aeon Ingeniería,aeon.es,,Madrid,P1-A
Francesc,Galobardes,Engineering Director,Quark,,,,P1-A
Eva,Fuertes González,Lead Architect,WSP Spain,wsp.com,,,P1-B
David,Higgins,Data Centers Director EMEA y APAC,WSP Spain,wsp.com,,Reino Unido,P1-B
Begoña,Arana Ferrándiz,Program Leader,WSP Spain,wsp.com,,,P1-C
Manuel,Pérez,Director general de WSP en España,WSP Spain,wsp.com,,,P1-D
Alberto,García Ramos,Socio,Aguilera Ingenieros,aguilera-ingenieros.com,,Madrid,P1-B
Samuel,Saiz Poyatos,Director de instalaciones,Torrella Ingeniería y Arquitectura,torrellaingenieria.com,,,P1-A
Luis,Manuel Sagredo Santamaría,Director técnico Área Centro,Torrella Ingeniería y Arquitectura,torrellaingenieria.com,,Madrid,P1-B
Goretti,Torrella,Consejera delegada,Torrella Ingeniería y Arquitectura,torrellaingenieria.com,https://www.linkedin.com/in/torrellagoretti,,P1-D
Miguel,Ángel Izquierdo,Data Center Area Manager (después Senior Product Manager),Cottés,cottesgroup.com,,,P1-A
Miguel,Tapia,CEO de CORE,Ayesa Ingeniería,ayesa.com,,Madrid,P1-C
Rosalío,Alonso,Director de operaciones de Ayesa,Ayesa Ingeniería,ayesa.com,,,P1-D
Juan,Manuel Bernad Morcate,"Ingeniero de Caminos, firmante del PIGA de La Puebla de Alfindén",CADISA Sisener y AT Ingeniería,,,,P1-A
Pedro,Malheiro,CEO,LMSI Engineering,,,Portugal,P1-D
María,Barrero,Cofundadora; directora de arquitectura y desarrollo de negocio,DConcept,,,,P1-B
José,María Castillo,Consejero delegado,Cobra,grupocobra.com,,,P2-D
Alan,Clinton,"Managing Director, Data Centres & Building Services (grupo)",Mercury Engineering,mercuryeng.com,,,P2-D
Alberto,Torres Caballero,Director de proyecto,CAP Ingelec,capingelec.com,,,P2-C
Jorge,Ceinos Moreno,"Business Development Manager, área de centros de datos",CAP Ingelec,capingelec.com,,,P2-C
Antonio,Ríos Suanzes,Director general de CAP DC España,CAP Ingelec,capingelec.com,,Madrid,P2-D
Julio,Lavado Rodríguez,Director de proyectos de centros de datos,Itercon,itercon.com,https://www.linkedin.com/in/juliolavado,Elche,P2-B
Juan,Ballester,Data Center Operational Manager,Itercon,itercon.com,,,P2-B
Eduardo,Baeza García,Project Manager de centros de datos,Itercon,itercon.com,,,P2-C
Alejandro,Gallego,Director general,Itercon,itercon.com,,,P2-D
Juan,M. Perpiñá,Responsable de la oficina de España,Jones Engineering Group,joneseng.com,,Valencia,P2-D
Andrés,Campos Alvarado,"Senior Project Manager MEP, Data Center",Carbonell Figueras,carbonellfigueras.com,,,P2-A
Alfonso,Idoate,Director general,Carbonell Figueras,carbonellfigueras.com,,Tarragona,P2-D
Francisco,Vicente Minguela,Head of Data Centers Spain,JLL,jll.com,,,P3-B
Luigi,Passariello,"Data Centre Projects Lead, sur de Europa",JLL,jll.com,,Madrid,P3-C
Alberto,Martull,Director de Corporate Capital Markets y Data Centers,JLL,jll.com,,,P3-D
Keith,Greenwood,Project Director,Linesight,linesight.com,,Madrid,P3-C
Robert,Farrell,"Director of Risk and Scheduling, Europe",Linesight,linesight.com,https://www.linkedin.com/in/robert-farrell-8b38a4b1,Madrid,P3-C
Paul,Brady,"Senior Director Europe (España, Madrid)",Linesight,linesight.com,,Madrid,P3-D
Lisa,Duignan,"Data Centres Sector Lead, Europe",Turner & Townsend,turnerandtownsend.com,,Europa,P3-C
Niall,O'Reilly,Datacenter Lead for Europe,Turner & Townsend,turnerandtownsend.com,,Europa,P3-C
Gerald,Madondo,Country Director,Turner & Townsend,turnerandtownsend.com,,,P3-D
Víctor,Krzyżaniak Martínez,Director de operaciones de Data Centers,Hill International Spain,hillintl.com,,Madrid,P3-C
Alex,Ramos,Vicepresidente y director general España; responsable del sector de centros de datos en Europa,Hill International Spain,hillintl.com,https://www.linkedin.com/in/aramosthomson,Madrid,P3-D
Paul,Connolly,Responsable de la división de centros de datos,Mace,macegroup.com,,,P3-D
Elliot,Zounon,Director Data Center Solutions Iberia,CBRE,cbre.es,,,P3-D
Christian,Goldsmith,Data Centers Global Solutions Lead,Arcadis,arcadis.com,,,P3-C
Rafael,Hicar Armendariz,Head of Data Centers Spain,Ferrovial Construcción,ferrovial.com,,Madrid,P4-B
José,Gabriel Lao,Director general de Powernet,Ferrovial Construcción,ferrovial.com,,Madrid,P4-D
Santiago,García Salvador,Consejero delegado,Dragados,dragados.com,,,P4-D
José,Damián Sáez,Director de Construcción España y Portugal,Acciona,acciona.com,,,P4-D
